エリア分類,エリア小分類,ゴルフコース名,緯度,経度
北海道,札幌・北広島・恵庭・小樽・ニセコ,札幌ゴルフ倶楽部　由仁コース,42.9892919,141.7736002
,,小樽カントリー倶楽部　旧コース,43.14495016,141.1814936
,,真駒内カントリークラブ,42.9046153,141.3340842
,,札幌北広島ゴルフ倶楽部,42.9702035,141.5230802
,,サンパーク札幌ゴルフコース,42.9504585,141.5453567
,,札幌リージェントゴルフ倶楽部,42.9244875,141.4819801
,,恵庭カントリー倶楽部,42.8537194,141.4975395
,,エスコンフィールドHOKKAIDO,42.99130655,141.5490676
,千歳・苫小牧・室蘭・洞爺湖,室蘭ゴルフ倶楽部,42.3817728,140.9563135
,,グレート札幌カントリー倶楽部,42.9170848,141.7400188
,,千歳カントリークラブ,42.8769001,141.767152
,,新千歳カントリークラブ,42.89844485,141.7629408
,,苫小牧ゴルフリゾート72　アイリスゴルフクラブ,42.6988422,141.6541021
,,北海道ドリームカントリークラブ,42.60421416,141.4225444
,,室蘭ゴルフ倶楽部,42.3817728,140.9563135
,,ザ・ノースカントリーゴルフクラブ,42.8206009,141.5967471
,,ニドムクラシックコース,42.7154614,141.647578
,,北海道カントリークラブ プリンスコース,41.98943693,140.6550036
,,函館シーサイドカントリークラブ,41.7838091,140.8691458
,,函館パークカントリークラブ,41.8275876,140.8235825
,,鹿部カントリー倶楽部,42.0749004,140.7754793
,,大沼国際カントリークラブ,42.0218647,140.7561413
,,函館ゴルフ倶楽部,41.79341551,140.8063017
,,北海道カントリークラブ,41.98945288,140.6550143
,,大沼レイクゴルフクラブ,42.01205788,140.6458866
,,函館ベイコーストカントリークラブ,41.81055477,140.6060897
,函館・芽部,北海道カントリークラブ プリンスコース,41.9894449,140.6549821
,,函館シーサイドカントリークラブ,41.7838091,140.8691458
,,函館パークカントリークラブ,41.8275876,140.8235825
,,鹿部カントリー倶楽部,42.0749004,140.7754793
,,大沼国際カントリークラブ,42.0218647,140.7561413
,,函館ゴルフ倶楽部　湯の川ゴルフ場,41.79340751,140.8063124
,,北海道カントリークラブ　大沼コース,41.9894449,140.6549607
,,大沼レイクゴルフクラブ,42.01201005,140.6459724
,,函館ベイコーストカントリークラブ,41.81048279,140.6060897
,旭川・富良野・北見・網走,富良野ゴルフコース,43.3349643,142.4844618
,,ノーザンアークゴルフクラブ,43.8621651,143.9165845
,,温根湯国際カントリークラブ,43.7620268,143.475297
,,空知川ラベンダーの森ゴルフコース,43.38980656,142.3449894
,,オホーツクカントリークラブ,43.9462144,144.3411716
,,旭川メモリアルカントリークラブ,43.760209,142.2853581
,,旭川ゴルフ倶楽部,43.7730013,142.297429
,,フォレスト旭川カントリークラブ,43.7050368,142.3636171
,,北見ハーブヒルゴルフクラブ,43.8073689,143.9496969
,釧路・帯広・十勝・上士幌,釧路空港ゴルフクラブ,43.0276912,144.2130096
,,釧路カントリークラブ,43.1487829,144.312044
,,サホロカントリークラブ,43.1551029,142.8070012
,,新釧路ゴルフ倶楽部,42.9943092,144.7047462
,,帯広白樺カントリークラブ,43.01349471,143.3001121
,,札内川ゴルフ場,42.93008618,143.2528567
,,阿寒カントリークラブ,43.1148528,144.1512423
,,北海道クラシックゴルフクラブ帯広　メイプルコース,42.9641785,142.8552975
,,釧路風林カントリークラブ,43.1422426,144.2958925
,石狩・夕張・岩見沢・美唄・滝川,ユニ東武ゴルフクラブ,43.0269659,141.7606429
,,シェイクスピアカントリークラブ,43.2603819,141.4664832
,,ロイヤルシップ札幌ゴルフ倶楽部,43.2812787,141.4206374
,,北海道リンクスカントリー倶楽部　美唄コース,43.25585808,141.8135511
,,ニューしのつゴルフ場,43.2094143,141.6462022
,,札幌ベイゴルフ倶楽部,43.2180077,141.3613029
,,札幌スコットヒルゴルフ倶楽部,43.2499835,141.4524295
,,ゴルフ５カントリー美唄コース,43.38515479,141.8675494
東北,青森,青森カントリー倶楽部,40.73732609,140.7485347
,,青森スプリング・ゴルフクラブ,40.70428594,140.2827395
,,青森ロイヤルゴルフクラブ,40.49529234,140.5755538
,,津軽カントリークラブ　百沢コース,40.61350961,140.3144375
,,津軽高原ゴルフ場,40.53529602,140.6465938
,,東奥カントリークラブ,40.82046733,140.8587674
,,十和田湖高原ゴルフクラブ,40.6136744,140.9852188
,,夏泊ゴルフリンクス,40.9999153,140.8856186
,,八戸カントリークラブ,40.4581216,141.5960043
,,びわの平ゴルフ倶楽部,40.52311052,140.7123082
,,みちのく国際ゴルフ倶楽部,40.6539112,141.2155144
,岩手,安比高原ゴルフクラブ,40.01265419,141.0064684
,,一関カントリークラブ,38.8805999,141.0764433
,,岩手ゴルフ倶楽部,39.53916133,141.0797682
,,岩手沼宮内カントリークラブ,39.9972801,141.1878609
,,きたかみカントリークラブ,39.2676968,140.9816956
,,栗駒ゴルフ倶楽部,39.173142,141.0280115
,,県民ゴルフ場,36.6348025,139.9609835
,,雫石ゴルフ場,39.77609317,140.9302911
,,南部富士カントリークラブ,39.91253319,141.1632778
,,ニュー軽米カントリークラブ,40.28819884,141.4885983
,,みちのく古都カントリークラブ,39.00989313,141.0136097
,,みどりゴルフ場,39.90747892,141.1000234
,,宮古カントリークラブ,39.69673846,141.9631044
,,メイプルカントリークラブ,39.74916517,141.043619
,,盛岡南ゴルフ倶楽部,39.4748043,141.189595
,,湯田高原カントリー倶楽部,39.28225577,140.7213721
,,ローズランドカントリークラブ,40.00057666,141.1704779
,宮城,泉国際ゴルフ倶楽部,38.34023834,140.769753
,,泉パークタウンゴルフ倶楽部,38.3493472,140.8530175
,,大崎ゴルフ倶楽部,38.5132167,140.9787591
,,おおさとゴルフ倶楽部,38.4039418,140.9747305
,,表蔵王国際ゴルフクラブ,38.0737297,140.7922412
,,グレースリッジカントリークラブ,38.204987,140.7502899
,,グレート仙台カントリー倶楽部,38.2594013,140.7129389
,,気仙沼カントリークラブ,38.84205594,141.5644583
,,仙塩ゴルフ倶楽部　浦霞コース,38.32998152,141.0114322
,,仙台空港カントリークラブ,38.1434582,140.8296428
,,仙台クラシックゴルフ倶楽部,38.385392,140.9181564
,,仙台グリーンゴルフクラブ,37.9888742,140.683481
,,仙台ヒルズゴルフ倶楽部,38.3059852,140.8199573
,,仙台南ゴルフ倶楽部,38.0762377,140.697595
,,たいわゴルフクラブ,38.39141464,140.8413461
,,富谷カントリークラブ,38.40753221,140.9035486
,,富谷パブリックコース,38.40634579,140.8991925
,,鳴子カントリークラブ,38.73142501,140.7142824
,,西仙台カントリークラブ,38.29969986,140.7841257
,,花の杜ゴルフクラブ,38.4705362,140.837547
,,東蔵王ゴルフ倶楽部,38.2053321,140.6166138
,,松島国際カントリークラブ,38.4177027,141.0151956
,,松島チサンカントリークラブ　大郷コース,38.37714175,141.0190502
,,松島チサンカントリークラブ　松島・仙台コース,38.38725435,141.0319205
,,宮城カントリークラブ,38.5483624,141.1699965
,,宮城蔵王カントリークラブ　ロイヤルコース,38.13458655,140.6102519
,,宮城野ゴルフクラブ,37.9046752,140.8889248
,,杜の公園ゴルフクラブ,38.1746577,140.6859527
,,やくらいサイズゴルフ倶楽部,38.5725037,140.6918187
,,利府ゴルフ倶楽部,38.3534582,140.9739361
,秋田,秋田北空港クラシックゴルフ倶楽部,40.14275987,140.4066341
,,秋田森岳温泉３６ゴルフ場,40.0767153,140.1155108
,,羽後カントリー倶楽部,39.3586323,140.4298179
,,大館カントリークラブ,40.21549496,140.6005289
,,大野台ゴルフクラブ,40.19757791,140.3226464
,,能代カントリークラブ,40.28186896,140.0309845
,,南秋田カントリークラブ,39.82348642,140.1117717
,,ロイヤルセンチュリーゴルフ倶楽部,39.65943835,140.3395062
,山形,朝日カントリークラブ,38.62567079,139.829461
,,大石田ゴルフクラブ,38.57342893,140.3922796
,,ゴルフパーク酒田,38.93232624,139.9767677
,,蔵王カントリークラブ,38.17580014,140.314156
,,さくらんぼカントリークラブ,38.51877717,140.3647727
,,庄内ゴルフ倶楽部,38.76788998,139.9690188
,,新庄アーデンゴルフ倶楽部,38.7659833,140.2551182
,,天童カントリークラブ,38.38813789,140.4399382
,,ニューブラッサムガーデンクラブ,38.43757043,140.2727718
,,最上川グリーンパークゴルフ場,38.42247895,140.3271837
,,山形南カントリークラブ,38.00985544,140.0226946
,,湯の浜カントリークラブ,38.78055413,139.7659018
,,NDソフトスタジアム山形,38.33578883,140.3784433
,福島,JGMサラブレッドゴルフクラブ,36.97701455,140.7821693
,,会津高原たかつえカントリークラブ,37.11547616,139.6019272
,,会津磐梯カントリークラブ,37.5257231,139.9969525
,,安達太良カントリークラブ,37.57609901,140.3605305
,,五浦庭園カントリークラブ,36.87506106,140.7593965
,,宇津峰カントリークラブ,37.2998874,140.4480009
,,大玉カントリークラブ,37.5406302,140.3201925
,,小名浜オーシャンホテル＆ゴルフクラブ,36.91799359,140.8447615
,,小名浜カントリー倶楽部,36.97407987,140.940293
,,鹿島カントリー倶楽部,37.67800268,140.9474725
,,北郡山カントリークラブ,37.50252824,140.4063387
,,グランディ那須白河ゴルフクラブ,37.14764698,140.1646206
,,グリーンアカデミーカントリークラブ,37.1017287,140.2682143
,,郡山熱海カントリークラブ,37.51888349,140.2960285
,,郡山ゴルフ倶楽部,37.37769351,140.2753217
,,白河高原カントリークラブ,37.17221627,140.0355323
,,白河国際カントリークラブ,37.0958403,140.3847382
,,白河ゴルフ倶楽部,37.216212,140.1559252
,,白河メドウゴルフ倶楽部,37.2534086,140.050138
,,スパリゾートハワイアンズゴルフコース,36.99044522,140.8016537
,,太平洋クラブ白河リゾート,37.2470505,140.0350052
,,棚倉田舎倶楽部,37.03977427,140.405127
,,東都郡山カントリー倶楽部,37.33287837,140.2782302
,,猪苗代ゴルフクラブ,37.61125973,140.1974854
,,パーシモンカントリークラブ,37.76508458,140.6009458
,,バイロンネルソンカントリークラブ,36.9888177,140.7767462
,,福島ゴルフ倶楽部　民報コース,37.71046121,140.4786801
,,ヘレナ国際カントリー倶楽部,36.9504175,140.8075461
,,星野リゾート　メローウッドゴルフクラブ,37.5804014,140.0276799
,,ボナリ高原ゴルフクラブ,37.62341902,140.2246058
関東,茨城（坂東・八千代・取手・つくば）,南筑波ゴルフ場,36.07706971,140.0530257
,,常総カントリー倶楽部,35.98951798,139.9193086
,,坂東ゴルフクラブ,36.0760282,139.9101981
,,JGM笠間ゴルフクラブ,36.33836891,140.1635142
,,猿島カントリー倶楽部,36.1199318,139.860603
,,ザ・インペリアルカントリークラブ,35.99237832,140.3301642
,,アジア取手カントリー倶楽部,35.9087856,140.0314883
,,古河ゴルフリンクス,36.2001969,139.6926039
,,下館ゴルフ倶楽部,36.28917419,140.0164446
,茨城（阿見・美浦・龍ヶ崎・稲敷・鹿島）,霞台カントリークラブ,35.9673078,140.3811686
,,ダイヤグリーン倶楽部,36.1506995,140.454264
,,おかだいらゴルフリンクス,36.01217064,140.3604104
,,鹿島の杜カントリー倶楽部,36.05417347,140.5832443
,,ジェイゴルフ霞ヶ浦,35.9891673,140.5357369
,,江戸崎カントリー倶楽部,35.9413665,140.2805288
,,ワイルドダックカントリークラブ,35.8521938,140.6866561
,,セントラルゴルフクラブ NEWコース,36.04671336,140.5172718
,,霞ヶ浦カントリー倶楽部,36.1428871,140.4346568
,,茨城県立カシマサッカースタジアム,35.99225543,140.6411796
,茨城（石岡・笠間・大洗・土浦）,石岡ウエストカントリークラブ,36.31238285,140.2363937
,,JGMやさと石岡ゴルフクラブ,36.22862785,140.2289661
,,サミットゴルフクラブ,36.2488953,140.2271495
,,出島ゴルフクラブ,36.10307889,140.3421964
,,ＰＧＭ石岡ゴルフクラブ,36.2095572,140.3688653
,,太平洋クラブ美野里コース,36.20761744,140.3368776
,,富士カントリー笠間倶楽部,36.42105611,140.3370271
,,ゴルフ５カントリー　かさまフォレスト,36.33693813,140.1753751
,,セゴビアゴルフクラブ　イン　チヨダ,36.2043965,140.2279897
,茨城（水戸・城里・東海・日立）,城里ゴルフ倶楽部,36.46609318,140.2554862
,,ひたち大宮ゴルフクラブ,36.57338479,140.306053
,,水戸・ゴルフ・クラブ,36.40500181,140.376266
,,ゴルフ５カントリー　サニーフィールド,36.55897044,140.3294946
,,新・西山荘カントリー倶楽部,36.5854642,140.5057659
,,浅見ゴルフ倶楽部,36.38906158,140.3236433
,,スパ＆ゴルフリゾート久慈,36.5694442,140.4677184
,,ウィンザーパークゴルフ＆カントリークラブ,36.48924109,140.2915405
,,ロックヒルゴルフクラブ,36.6110674,140.3394485
,栃木（宇都宮・鹿沼・壬生）,ディアレイク・カントリー倶楽部,36.5855442,139.7284035
,,イーストウッドカントリークラブ,36.6922559,139.8638945
,,宮の森カントリー倶楽部,36.5065149,139.8249335
,,鶴カントリー倶楽部,36.62244239,139.7969581
,,レイクランドカントリークラブ,36.61274783,139.7873399
,,サンヒルズカントリークラブ,36.65186212,139.8701051
,,皐月ゴルフ倶楽部　鹿沼コース,36.5468185,139.7312722
,,鹿沼カントリー倶楽部,36.50392242,139.7750379
,,広陵カントリークラブ,36.5827137,139.7223609
,栃木（日光・那須塩原・矢板・大田原）,那須小川ゴルフクラブ,36.7504522,140.095019
,,サンレイクカントリークラブ,36.6639416,139.6928234
,,矢板カントリークラブ,36.8665477,139.8949182
,,ホウライカントリー倶楽部,36.9454324,139.9193043
,,メイフラワーゴルフクラブ,36.8820744,139.9049488
,,那須野ヶ原カントリークラブ,36.85084094,140.0861355
,,ロペ倶楽部,36.7437924,139.9088202
,,鬼怒川カントリークラブ,36.7737988,139.7199684
,,塩原カントリークラブ,36.9632758,139.9322599
,栃木（真岡・茂木・高根沢・烏山）,ましこゴルフ倶楽部,36.4884358,140.1468925
,,益子ヒルズゴルフクラブ,36.497719,140.1258487
,,関東国際カントリークラブ,36.5431286,140.136379
,,希望丘カントリークラブ,36.4514008,140.1785034
,,益子カントリー倶楽部,36.4625701,140.141275
,,風月カントリー倶楽部,36.6750601,140.1375132
,,ロイヤルメドウゴルフ倶楽部,36.59731299,140.0813045
,,烏山城カントリークラブ,36.70975527,140.1423988
,,紫塚ゴルフ倶楽部,36.6987982,140.0201263
,,喜連川カントリー倶楽部,36.7594211,140.0572933
,栃木（足利・佐野・栃木市・小山）,大平台カントリークラブ,36.3731788,139.6773902
,,ひととのやカントリー倶楽部,36.2780489,139.8023956
,,エヴァンタイユゴルフクラブ,36.365678,139.6639032
,,ゴールド佐野カントリークラブ,36.3844027,139.5592298
,,アパリゾート栃木の森ゴルフコース,36.4520887,139.6639601
,,プレステージカントリークラブ,36.4348876,139.6933192
,,鷹ゴルフ倶楽部,36.4929021,139.6940455
,,皆川城カントリークラブ,36.4020348,139.6810278
,栃木（日光・那須塩原・矢板・大田原）,那須小川ゴルフクラブ,36.7504522,140.095019
,,サンレイクカントリークラブ,36.6639416,139.6928234
,,矢板カントリークラブ,36.8665477,139.8949182
,,ホウライカントリー倶楽部,36.9454324,139.9193043
,,メイフラワーゴルフクラブ,36.8820744,139.9049488
,,那須野ヶ原カントリークラブ,36.85086669,140.0862321
,,ロペ倶楽部,36.7437924,139.9088202
,,鬼怒川カントリークラブ,36.7737988,139.7199684
,,塩原カントリークラブ,36.9632758,139.9322599
,群馬（前橋・伊香保・桐生・みなかみ・太田）,赤城カントリー倶楽部,36.46462235,139.232034
,,群馬カントリークラブ,36.668171,138.9513987
,,関越ゴルフ倶楽部 中山コース,36.6394446,138.9285173
,,伊香保国際カンツリークラブ,36.5112535,138.943346
,,水上高原ゴルフコース,36.85551532,139.0761216
,,初穂カントリークラブ,36.6716316,139.1318623
,,伊香保ゴルフ倶楽部,36.5259014,138.9160868
,,ノーザンカントリークラブ 上毛ゴルフ場,36.5963312,138.9649885
,,ゴルフクラブ　スカイリゾート,36.68492899,139.1604781
,群馬（高崎・安中・藤岡・富岡・玉村）,メイレイクヒルズカントリークラブ,36.20271,139.0444936
,,ヴィレッジ東軽井沢ゴルフクラブ,36.3569244,138.7207407
,,ＴＨＥ　ＲＡＹＳＵＭ,36.3474907,138.9037489
,,グリーンパークカントリークラブ,36.21452348,138.9869311
,,サンコー72カントリークラブ,36.2834666,138.9796931
,,富岡倶楽部,36.3018316,138.9141328
,,熱海倶楽部 東軽井沢ゴルフコース,36.347153,138.7595321
,,新玉村ゴルフ場,36.28314141,139.148928
,,上武カントリークラブ,36.1905672,139.0482331
,群馬（草津・嬬恋）,嬬恋高原ゴルフ場,36.5582344,138.5446424
,,妙義カントリークラブ,36.27925531,138.7911554
,,プレジデントカントリー倶楽部　軽井沢,36.4250205,138.6256063
,,軽井沢高原ゴルフ倶楽部,36.44060672,138.6290009
,,太平洋クラブ 軽井沢リゾート,36.42585387,138.6050372
,,プリンスランドゴルフクラブ,36.47509625,138.5449819
,,草津温泉ゴルフ場,36.6382569,138.5938828
,,草津カントリークラブ,36.57945667,138.5822964
,埼玉（秩父・長瀞・寄居）,平成倶楽部鉢形城コース,36.0967731,139.201781
,,長瀞カントリークラブ,36.122053,139.1416297
,,秩父国際カントリークラブ,36.0618541,139.1367417
,,寄居カントリークラブ,36.0890879,139.2407751
,,東都埼玉カントリー倶楽部,35.98724707,139.0224597
,,ユニオンエース　ゴルフクラブ,36.02882253,139.0268864
,,ザ　ナショナルカントリー倶楽部　埼玉,36.0532942,139.0838187
,,彩の森カントリークラブ,36.0298363,139.0532384
,,東都秩父カントリー倶楽部,36.041528,139.0734827
,埼玉（熊谷・深谷・本庄）,上里ゴルフ場,36.2738075,139.1408229
,,埼玉国際ゴルフ倶楽部,36.1427135,139.0552186
,,児玉カントリー倶楽部,36.1660205,139.133081
,,北武蔵カントリークラブ,36.1761066,139.1033763
,,大麻生ゴルフ場,36.1442826,139.324145
,,こだま神川カントリークラブ,36.1674198,139.0725082
,,熊谷ゴルフクラブ,36.1432899,139.3616155
,,岡部チサンカントリークラブ,36.19061994,139.2148104
,,こだまゴルフクラブ,36.19810815,139.1455035
,埼玉（飯能・東松山・入間）,オリムピックナショナルGC WEST,35.93231544,139.2870772
,,入間カントリー倶楽部,35.9696513,139.3128702
,,新武蔵丘ゴルフコース,35.878715,139.3250481
,,PGM武蔵ゴルフクラブ,35.9673003,139.3205376
,,日本カントリークラブ,35.9867168,139.2986202
,,武蔵松山カントリークラブ,36.0196323,139.3401793
,,高坂カントリークラブ,36.0074125,139.3734525
,,おおむらさきゴルフ倶楽部,36.06745038,139.3362471
,,鳩山カントリークラブ,35.9959977,139.3455989
,埼玉（川越・狭山・浦和・鴻巣）,大宮国際カントリークラブ,35.92415704,139.5428707
,,大宮カントリークラブ,35.8816448,139.5659836
,,ノーザンカントリー錦ヶ原,35.87672275,139.5682524
,,吉見ゴルフ場,36.0744505,139.4560839
,,リバーサイドフェニックスゴルフクラブ,35.9432015,139.5431253
,,西武園ゴルフ場,35.7693846,139.4253066
,,鴻巣カントリークラブ,36.0841941,139.5287829
,,浦和ゴルフ倶楽部,35.84305757,139.611662
,,埼玉スタジアム2002,35.93031713,139.7243934
,千葉（市原・勝浦・大多喜・一宮）,ムーンレイクゴルフクラブ市原コース,35.45683319,140.1048417
,,ABCいすみゴルフコース,35.2713799,140.2997409
,,千葉夷隅ゴルフクラブ,35.2511756,140.1809521
,,ゴルフ５カントリーオークビレッヂ,35.28918163,140.1735214
,,房総カントリークラブ 房総ゴルフ場,35.3210398,140.2694642
,,森永高滝カントリー倶楽部,35.3317701,140.1604148
,,真名カントリークラブゲーリー・プレーヤーコース,35.47110784,140.2567343
,,勝浦東急ゴルフコース,35.1532874,140.2800535
,,大千葉カントリー倶楽部,35.363319,140.2007752
,千葉（成田・芝山・富里・我孫子・香取）,成田の森カントリークラブ,35.7969928,140.5315997
,,多古カントリークラブ,35.7519551,140.4432864
,,成田フェアフィールドゴルフクラブ,35.8351718,140.287353
,,芝山ゴルフ倶楽部,35.7080708,140.4150516
,,オーク・ヒルズカントリークラブ,35.8038405,140.4881695
,,グレンオークスカントリークラブ,35.7941606,140.4757263
,,大栄カントリー倶楽部,35.8278343,140.4366858
,,成田ゴルフ倶楽部,35.8278945,140.370787
,,香取カントリークラブ,35.86972077,140.5511298
,千葉（木更津・館山・君津・鴨川）,ブリストヒルゴルフクラブ,35.27723104,139.8995386
,,東京湾カントリークラブ,35.43808354,140.0101364
,,ゴールド木更津カントリークラブ,35.26683962,140.0122579
,,姉ヶ崎カントリークラブ,35.43800564,140.0809551
,,カメリアヒルズカントリークラブ,35.36044164,140.0226791
,,ＰＧＭマリアゴルフリンクス,35.3525432,140.0860782
,,鴨川カントリークラブ,35.1552287,140.0938438
,,新君津ベルグリーンカントリー倶楽部,35.25466213,140.0191015
,,ロイヤルスターゴルフクラブ,35.26914248,140.0792541
,,ジャパンＰＧＡゴルフクラブ,35.2407955,139.9833195
,千葉（市川・八千代・四街道・船橋）,総武カントリー北コース,35.78582303,140.1784324
,,ダイナミックゴルフ千葉,35.58178846,140.2085644
,,国際レディースゴルフ倶楽部,35.7708964,140.0867358
,,習志野カントリークラブ,35.81321075,140.1438117
,,京葉カントリー倶楽部,35.5902257,140.193693
,,中山カントリークラブ,35.7600341,140.079635
,,太平洋クラブ八千代コース,35.7523535,140.1319684
,,本千葉カントリークラブ,35.53831498,140.1758299
,,ヌーヴェルゴルフ倶楽部 金谷郷コース,35.5430025,140.2873287
,東京,赤羽ゴルフ倶楽部,35.7943756,139.7010944
,,伊豆大島リゾートゴルフクラブ,34.78670656,139.3875045
,,桜ヶ丘カントリークラブ,35.6448068,139.4657473
,,新東京都民ゴルフ場,35.7811373,139.7398559
,,東京相武カントリークラブ,35.6144614,139.3087429
,,東京相武ショートコース,35.6122961,139.3084064
,,東京国際ゴルフ倶楽部,35.6060064,139.4135565
,,東京バーディクラブ,35.8307673,139.2796771
,,武蔵野ゴルフクラブ,35.7002851,139.3031344
,,MUFGスタジアム（国立競技場）,35.6782319,139.7144338
,神奈川（相模原・厚木・秦野・伊勢原・横浜）,津久井湖ゴルフ倶楽部,35.5852104,139.2364979
,,大秦野カントリークラブ,35.4097082,139.1850508
,,大厚木カントリークラブ桜コース,35.49431561,139.3057185
,,伊勢原カントリークラブ,35.4104142,139.2762169
,,中津川カントリークラブ,35.51857955,139.3097562
,,神奈川カントリークラブ,35.5852052,139.1422404
,,厚木国際カントリー倶楽部,35.4774499,139.3273509
,,秦野カントリークラブ,35.4097082,139.1850508
,,日産スタジアム,35.51020412,139.6063684
,神奈川（箱根・小田原・足柄）,富士屋ホテル仙石ゴルフコース,35.2713349,138.9972592
,,箱根湖畔ゴルフコース,35.2446154,138.983562
,,小田原ゴルフ倶楽部　松田コース,35.37958159,139.1443355
,,箱根園ゴルフ場,35.2113757,139.0255262
,,箱根湯の花ゴルフ場,35.2295005,139.0391228
,,箱根くらかけゴルフ場,35.1802087,139.0225863
,,湯河原カンツリー倶楽部,35.17071285,139.1109004
,,小田原城カントリー倶楽部,35.1912414,139.0989887
,,小田原湯本カントリークラブ,35.2269252,139.1114447
,,三井の森軽井沢カントリー倶楽部,36.30657956,138.5884708
,,望月リソルゴルフクラブ,36.20575046,138.3255097
,,サニーカントリークラブ,36.187101,138.308516
,,シャトレーゼカントリークラブ小海,36.05885842,138.4210835
,,軽井沢７２ゴルフ　西コース,36.31193126,138.6306172
,,グランディ軽井沢ゴルフクラブ,36.30136748,138.5473508
,,中軽井沢カントリークラブ,36.33353709,138.5734474
,,軽井沢７２ゴルフ　北コース,36.31846204,138.6063679
甲信越,山梨（富士河口湖・鳴沢・山中湖・身延）,河口湖カントリークラブ,35.46840847,138.7515411
,,富士ゴルフコース,35.40331938,138.8513707
,,鳴沢ゴルフ倶楽部,35.46638602,138.7188335
,,富士クラシック,35.40859497,138.6450882
,,富士レイクサイドカントリー倶楽部,35.45086296,138.7346372
,,富士ロイヤルカントリークラブ,35.20883827,138.507063
,,富士赤松ゴルフコース,35.46837401,138.6942876
,,富士ヶ嶺グリーンゴルフクラブ,35.42396399,138.643148
,山梨（北社・笛吹・甲州市）,甲府国際カントリークラブ,35.60172958,138.6949997
,,勝沼ゴルフコース,35.68864211,138.7539369
,,小淵沢カントリークラブ,35.88872715,138.3324889
,,北の杜カントリー倶楽部,35.82769332,138.3422853
,,昇仙峡カントリークラブ,35.71751929,138.5124151
,,甲斐ヒルズカントリー倶楽部,35.72935119,138.5129847
,,ウッドストックカントリークラブ,35.58181324,138.6783462
,,境川カントリー倶楽部,35.5859204,138.6358992
,,カントリークラブグリーンバレイ,35.74764622,138.5080796
,山梨（上野原・都留・大月）,花咲カントリー倶楽部,35.60862128,138.9260954
,,富士リゾートカントリークラブ,35.57385424,138.9071378
,,西東京ゴルフ倶楽部,35.54815009,138.881143
,,中央都留カントリー倶楽部,35.57046064,138.8641191
,,サンメンバーズカントリークラブ,35.62309235,139.0337744
,,大月カントリークラブ,35.62230185,139.0094343
,,都留カントリー倶楽部,35.53920585,138.9240837
,,大月ガーデンゴルフクラブ,35.57361711,138.9913738
,,桜ヒルズゴルフクラブ,35.56539674,139.0862884
,長野（軽井沢・佐久）,晴山ゴルフ場,36.3396104,138.6264615
,,三井の森軽井沢カントリー倶楽部,36.30657956,138.5884708
,,望月リソルゴルフクラブ,36.20575046,138.3255097
,,サニーカントリークラブ,36.187101,138.308516
,,シャトレーゼカントリークラブ小海,36.05885842,138.4210835
,,軽井沢７２ゴルフ　西コース,36.31193126,138.6306172
,,グランディ軽井沢ゴルフクラブ,36.30136748,138.5473508
,,中軽井沢カントリークラブ,36.33353709,138.5734474
,,軽井沢７２ゴルフ　北コース,36.31846204,138.6063679
,長野（長野市・飯山・上田）,斑尾高原カントリー倶楽部,36.79393266,138.3277597
,,長野デューンズゴルフクラブ,36.72727952,138.1692623
,,菅平グリーンゴルフ,36.55563951,138.362162
,,斑尾東急ゴルフクラブ,36.85390301,138.262917
,,上田菅平高原グランヴィリオゴルフ倶楽部,36.53590232,138.3559021
,,志賀高原カントリークラブ,36.7893588,138.4138304
,,ウィーゴカントリー倶楽部,36.550651,138.0882302
,,信濃ゴルフ倶楽部,36.751766,138.2040333
,,上田丸子グランヴィリオゴルフ倶楽部,36.33169824,138.309674
,長野（松本・安曇野・諏訪・岡谷）,富士見高原ゴルフコース,35.9259896,138.3024852
,,あづみ野カントリークラブ,36.31909584,137.8191454
,,塩嶺カントリークラブ,36.06979573,138.0085937
,,フォレストカントリークラブ三井の森,36.01486928,138.2816992
,,諏訪レイクヒルカントリークラブ,36.02302684,138.0338126
,,豊科カントリー倶楽部,36.29669918,137.9501514
,,松本カントリークラブ,36.16184239,138.0096674
,,鹿島南蓼科ゴルフコース,36.0032103,138.269545
,,諏訪湖カントリークラブ,36.04333375,138.1462295
,,リバー富士カントリークラブ,35.1820996,138.5720193
,,朝霧カントリークラブ,35.4081439,138.6023845
,,大富士ゴルフクラブ,35.2116697,138.7183409
,,富士宮ゴルフクラブ,35.2068249,138.6009001
,,朝霧ジャンボリーゴルフクラブ,35.38008439,138.5796872
,,富士チサンカントリークラブ,35.2355968,138.5779655
,,十里木カントリークラブ,35.2621603,138.7788873
,,Ｇ８富士カントリークラブ,35.3303372,138.6323536
,,IAIスタジアム日本平,34.98450754,138.4813324
,,愛鷹シックスハンドレッドクラブ,35.16324375,138.8203065
,,三島ゴルフ倶楽部,35.1889989,138.8599341
,,PGM御殿場カントリークラブ,35.31145646,138.9735761
,,富士ヘルスカントリークラブ,35.3790223,138.9563536
,,凾南ゴルフ倶楽部,35.1404118,139.0009289
,,伊豆大仁カントリークラブ,35.0282096,139.0268866
,,伊豆にらやまカントリークラブ,35.0523549,139.003418
,,川奈ホテルゴルフコース　大島コース,34.9317576,139.1408638
,,熱海ゴルフ倶楽部,35.1108062,139.0728173
,,フジ天城ゴルフ倶楽部,34.9476387,138.913231
,,湯ヶ島ゴルフ倶楽部＆ホテルリゾート,34.88108647,138.8883495
,,伊豆国際カントリークラブ,34.97722101,138.8928934
,,ラフォーレ修善寺＆カントリークラブ,34.9580985,138.9160557
,,静岡カントリー浜岡コース＆ホテル,34.65481545,138.0954924
,,グランディ浜名湖ゴルフクラブ,34.72268751,137.6040542
,,掛川カントリークラブ,34.7256719,138.0355514
,,浜名湖カントリークラブ,34.6907136,137.5228069
,,レイク浜松カントリークラブ,34.8832264,137.6725166
,,ホロンゴルフ倶楽部,34.79226465,138.1181848
,,ザ・フォレストカントリークラブ,34.848224,137.907057
,,菊川カントリークラブ,34.7806476,138.1023151
,新潟（新発田・蒲原・胎内）,新潟サンライズゴルフコース,37.9874028,139.237866
,,新発田城カントリー倶楽部,37.90120906,139.3469759
,,中峰ゴルフ倶楽部,37.87971955,139.2987517
,,胎内高原ゴルフ倶楽部,38.0293232,139.5088666
,,イーストヒルゴルフクラブ,37.77559595,139.2646647
,,村上市営あらかわゴルフ場,38.13541153,139.4473191
,,紫雲ゴルフ倶楽部,38.0157459,139.2983672
,,日本海カントリークラブ,38.11266333,139.387269
,,笹神五頭ゴルフ倶楽部,37.81961366,139.2732293
,新潟（妙高・長岡・三条・佐渡島）,松ヶ峯カントリー倶楽部,36.96201184,138.2094843
,,ベルナティオゴルフコース,37.04720034,138.7400438
,,妙高高原ゴルフ倶楽部,36.86502122,138.1876861
,,越後ゴルフ倶楽部,37.27417798,138.9490273
,,大新潟カントリークラブ　出雲崎コース,37.56158,138.7219407
,,糸魚川カントリークラブ,37.0178143,137.8765646
,,赤倉ゴルフコース,36.88418679,138.1740241
,,妙高カントリークラブ,36.91274951,138.1766331
,,長岡カントリー倶楽部,37.4197088,138.7614908
北陸,富山,魚津国際カントリークラブ,36.8220367,137.4630883
,,大山カメリアカントリークラブ,36.5869089,137.2529771
,,小杉カントリークラブ,36.6733193,137.0867734
,,ゴルフ倶楽部ゴールドウイン,36.60610827,136.8743892
,,千羽平ゴルフクラブ,36.6150735,136.8750001
,,太閤山カントリークラブ,36.6823452,137.0999167
,,高岡カントリー倶楽部,36.6728969,137.0513523
,,棚山ゴルフ倶楽部,36.8857229,137.5745162
,,トナミロイヤルゴルフ倶楽部,36.52069377,136.9371259
,,富山カントリークラブ,36.587579,137.240685
,,花尾カントリークラブ,36.75034832,136.8984303
,,氷見カントリークラブ,36.9080211,136.9952031
,,八尾カントリークラブ,36.5790581,137.1678404
,石川,石川ゴルフ倶楽部,36.64622183,136.7546689
,,加賀カントリークラブ,36.2873201,136.3348775
,,加賀セントラルゴルフ倶楽部,36.2804664,136.3019969
,,片山津ゴルフ倶楽部 ＷＥＳＴ（いぬわし・あすなろコース）,36.28222946,136.2668774
,,片山津ゴルフ倶楽部 白山コース,36.3736131,136.3751828
,,金沢カントリー倶楽部,36.72777414,136.7371935
,,金沢セントラルカントリー倶楽部,36.55891057,136.7138626
,,小松カントリークラブ,36.35301955,136.4645482
,,小松ゴルフ倶楽部,36.2997189,136.4287557
,,ゴルフ倶楽部金沢リンクス,36.63443494,136.6177848
,,ゴルフクラブツインフィールズ,36.41279143,136.5367995
,,ザ・カントリークラブ・能登,37.2542682,136.925547
,,金沢東ゴルフクラブ,36.6081902,136.7849737
,,金沢ゴルフクラブ,36.51533088,136.7348704
,,チェリーゴルフグループ　和倉ゴルフ倶楽部,37.05763196,136.9157126
,,朱鷺の台カントリークラブ,36.93885312,136.7878579
,,那谷寺カントリー倶楽部,36.32044598,136.4192474
,,能登カントリークラブ,36.81583601,136.7482433
,,能登ゴルフ倶楽部,37.0307731,136.7695449
,,能登島ゴルフアンドカントリークラブ,37.1229646,136.9528166
,,北陸グリーンヒルゴルフクラブ,36.74511409,136.7514115
,,山代ゴルフ倶楽部,36.2747674,136.3808741
,福井,芦原ゴルフクラブ,36.2855731,136.2370934
,,越前カントリークラブ,36.26485351,136.2756447
,,越前武生カントリークラブ,35.88298439,136.0831805
,,ゴールド福井カントリークラブ,36.03303966,136.1271072
,,ジャパンセントラルゴルフ倶楽部,36.2100982,136.2774767
,,杉ノ木台ゴルフクラブ,35.99386425,136.1844283
,,敦賀国際ゴルフ倶楽部,35.6067954,136.0606036
,,フォーレスト福井ゴルフクラブ,36.119098,136.125741
,,フクイカントリークラブ,36.12638292,136.3026824
,,福井国際カントリークラブ,36.23697496,136.2485768
,,わかさカントリー倶楽部,35.46735291,135.8920555
中部,岐阜（中津川・恵那・瑞浪・可児・加茂）,明智ゴルフ倶楽部　賑済寺ゴルフ場,35.48794124,137.0474763
,,中部国際ゴルフクラブ,35.38855189,137.120179
,,富士カントリー可児クラブ　美濃ゴルフ場,35.3925805,137.1348607
,,東建塩河カントリー倶楽部,35.3684602,137.0443789
,,日本ラインゴルフ倶楽部,35.39490197,137.0284184
,,富士カントリー可児クラブ可児ゴルフ場,35.39298107,137.1494602
,,ゴルフ５カントリーみずなみコース,35.39439647,137.3322355
,,レイクグリーンゴルフ倶楽部,35.39736761,137.1768791
,,ユーグリーン中津川ゴルフ倶楽部,35.45354322,137.4744037
,岐阜（岐阜市・関・大垣・飛騨・高山・下呂）,岐阜北カントリー倶楽部,35.5296898,136.6865341
,,シーダーヒルズカントリークラブ,35.53734658,136.9600759
,,養老カントリークラブ,35.2525806,136.4447355
,,岐阜稲口ゴルフ倶楽部,35.45804295,136.9153864
,,グリーンヒル関ゴルフ倶楽部,35.45475545,136.9329537
,,三甲ゴルフ倶楽部　谷汲コース,35.5371458,136.6169049
,,岐阜セントフィールドカントリー倶楽部,35.51922852,136.9945995
,,やまがたゴルフ倶楽部　美山コース,35.57796912,136.746907
,,飛騨高山カントリークラブ,36.1017003,137.2458699
,静岡（静岡市・富士宮・清水）,裾野カンツリー倶楽部,35.22543537,138.8697471
,,リバー富士カントリークラブ,35.1820996,138.5720193
,,朝霧カントリークラブ,35.4081439,138.6023845
,,大富士ゴルフクラブ,35.2116697,138.7183409
,,富士宮ゴルフクラブ,35.2068249,138.6009001
,,朝霧ジャンボリーゴルフクラブ,35.38008439,138.5796872
,,富士チサンカントリークラブ,35.2355968,138.5779655
,,十里木カントリークラブ,35.2621603,138.7788873
,,Ｇ８富士カントリークラブ,35.3303372,138.6323536
,,IAIスタジアム日本平,34.98457786,138.4813646
,静岡（御殿場・熱海・沼津・三島）,東名カントリークラブ,35.1847377,138.8769554
,,愛鷹シックスハンドレッドクラブ,35.16324375,138.8203065
,,三島ゴルフ倶楽部,35.1889989,138.8599341
,,PGM御殿場カントリークラブ,35.31145646,138.9735761
,,富士ヘルスカントリークラブ,35.3790223,138.9563536
,,凾南ゴルフ倶楽部,35.1404118,139.0009289
,静岡（伊豆・伊東）,川奈ホテルゴルフコース　富士コース,34.94081494,139.1429017
,,伊豆大仁カントリークラブ,35.0282096,139.0268866
,,伊豆にらやまカントリークラブ,35.0523549,139.003418
,,川奈ホテルゴルフコース　大島コース,34.9317576,139.1408638
,,熱海ゴルフ倶楽部,35.1108062,139.0728173
,,フジ天城ゴルフ倶楽部,34.9476387,138.913231
,,湯ヶ島ゴルフ倶楽部＆ホテルリゾート,34.88108647,138.8883495
,,伊豆国際カントリークラブ,34.97722101,138.8928934
,,ラフォーレ修善寺＆カントリークラブ,34.9580985,138.9160557
,静岡（浜松・掛川）,ヤマハリゾート 葛城ゴルフ倶楽部,34.80804002,137.9290126
,,静岡カントリー浜岡コース＆ホテル,34.65481545,138.0954924
,,グランディ浜名湖ゴルフクラブ,34.72268751,137.6040542
,,掛川カントリークラブ,34.7256719,138.0355514
,,浜名湖カントリークラブ,34.6907136,137.5228069
,,レイク浜松カントリークラブ,34.8832264,137.6725166
,,ホロンゴルフ倶楽部,34.79226465,138.1181848
,,ザ・フォレストカントリークラブ,34.848224,137.907057
,,菊川カントリークラブ,34.7806476,138.1023151
,愛知（名古屋・春日井・瀬戸・知多）,ウッドフレンズ森林公園ゴルフ場,35.2415874,137.0503452
,,春日井カントリークラブ,35.3263314,137.03424
,,知多カントリー倶楽部,34.81695855,136.893571
,,オールドレイクゴルフ倶楽部,35.32454262,137.0477378
,,鳴海カントリークラブ,35.0837478,137.0011787
,,名南カントリークラブ,34.98682323,136.9206321
,,定光寺カントリークラブ,35.2915764,137.1054327
,,ウッドフレンズ名古屋港ゴルフ倶楽部,35.02445481,136.7784452
,,庄内川ゴルフ倶楽部,35.21699401,136.9044008
,愛知（岡崎・豊田・豊川・新城・西尾）,伊良湖シーサイドゴルフ倶楽部,34.58991343,137.0284329
,,豊田カントリー倶楽部,35.0946193,137.210267
,,額田ゴルフ倶楽部,34.9636248,137.315923
,,稲武カントリークラブ,35.24071379,137.524731
,,吉良カントリークラブ,34.79946553,137.0926576
,,つくでゴルフクラブ,34.9823148,137.4396099
,,ゴルフ倶楽部大樹　豊田コース,35.1339928,137.2694801
,,新城カントリー倶楽部,34.8589065,137.490492
,,みとゴルフ倶楽部,34.83568964,137.2834984
,,豊田スタジアム,35.08475715,137.170928
,三重（津・松坂・伊勢・志摩）,みすぎ高原ゴルフ倶楽部,34.54082809,136.2876928
,,霞ゴルフクラブ,34.82023074,136.4375655
,,伊勢中川カントリークラブ,34.64088928,136.3794894
,,西日本セブンスリーゴルフクラブ,34.63010992,136.4308348
,,フォレスト芸濃ゴルフクラブ,34.84272823,136.4232412
,,近鉄賢島カンツリークラブ,34.3213605,136.8109006
,,伊勢カントリークラブ,34.5133088,136.6140829
,,ココパリゾートクラブ三重白山ゴルフコース,34.63341849,136.3414913
,三重（伊賀・名張・鈴鹿・四日市）,双鈴ゴルフクラブ　関コース,34.83208808,136.3269414
,,伊賀ゴルフコース,34.65681545,136.1547805
,,名阪チサンカントリークラブ,34.8273817,136.1907286
,,名張サウスカントリー倶楽部,34.58964749,136.1602671
,,名張カントリークラブ,34.6356408,136.1390862
,,三鈴カントリー倶楽部,34.94111307,136.4608814
,,メナードカントリークラブ青山コース,34.5869873,136.2507405
,,名四カントリークラブ,35.0090473,136.5917866
,,中日カントリークラブ,34.90758151,136.4563577
,,グリーンハイランドカントリー倶楽部,34.6425758,136.0723151
近畿,滋賀（大津・甲賀・守山）,瀬田ゴルフコース,34.95609499,135.9237491
,,琵琶湖レークサイドゴルフコース,35.0973348,135.9427935
,,センチュリー・シガ・ゴルフクラブ,34.903273,136.1861114
,,ROSE GOLF CLUB,34.89271825,136.050164
,,皇子山カントリークラブ,35.02204359,135.8410255
,,朝宮ゴルフコース,34.8478614,135.9998851
,,双鈴ゴルフクラブ　土山コース,34.918342,136.2966935
,,大甲賀カントリークラブ　神コース,34.9023513,136.2521045
,,滋賀甲南カントリークラブ,34.9151133,136.1960731
,滋賀（彦根・東近江・竜王）,近江カントリー倶楽部,35.035344,136.0739253
,,蒲生ゴルフ倶楽部,34.99880314,136.1989168
,,名神八日市カントリー倶楽部,35.07661591,136.2101337
,,日野ゴルフ倶楽部,35.0523788,136.2709069
,,滋賀ゴルフ倶楽部,34.9456879,136.193732
,,名神竜王カントリー倶楽部,35.0298468,136.1648576
,,竜王ゴルフコース,35.0393028,136.0895806
,,近江ヒルズゴルフ倶楽部,34.9947558,136.2754532
,,彦根カントリー倶楽部,35.2692646,136.2749062
,京都（宇治・宇治田原・木津川）,宇治カントリークラブ,34.9191656,135.8174323
,,宇治田原カントリー倶楽部,34.8733761,135.911954
,,加茂カントリークラブ,34.74008617,135.9042938
,,協和ゴルフクラブ,34.8500062,135.9655888
,,月ヶ瀬カントリークラブ,34.7169217,136.0240782
,,東城陽ゴルフ倶楽部,34.85967405,135.8039877
,,かさぎゴルフ倶楽部,34.7509362,135.9533384
,,レイクフォレストリゾート　センチュリーコース,34.742137,135.9789602
,,レイクフォレストリゾート　バードスプリングコース,34.75013478,135.9872786
,京都（亀岡・丹波・舞鶴）,京都大原パブリックコース,35.134396,135.8400829
,,京都ゴルフ倶楽部　舟山コース,35.0635675,135.7348768
,,クラウンヒルズ京都ゴルフ倶楽部,35.1607037,135.4896147
,,るり溪ゴルフクラブ,35.03632413,135.3883356
,,瑞穂ゴルフ倶楽部,35.1622971,135.3728992
,,福知山カントリー倶楽部,35.29217114,135.0495628
,,宮津カントリークラブ,35.62457741,135.2259403
,,久美浜カンツリークラブ,35.6242433,134.8899362
,,亀岡カントリークラブ,34.9853422,135.5625204
,,亀岡ゴルフクラブ,34.9564895,135.4927223
,,加舎の里カントリー,35.00773443,135.4619534
,,関西カントリークラブ,34.95536819,135.5144334
,,グランベール京都ゴルフ倶楽部,35.1772165,135.4578823
,,太閤坦カントリークラブ,35.1640831,135.4485482
,,舞鶴カントリークラブ,35.52552971,135.4493478
,,れいせんゴルフ倶楽部,34.98546179,135.5142657
,大阪（泉南・堺・泉佐野・阪南）,関空クラシックゴルフ倶楽部,34.35132851,135.2900004
,,泉南カンツリークラブ,34.36896429,135.3098399
,,太子カントリー倶楽部,34.50368208,135.6531857
,,岸和田カントリー倶楽部,34.39902019,135.4442655
,,堺カントリークラブ,34.459152,135.5385168
,,みさきカントリークラブ,34.3079522,135.1407973
,,泉佐野カントリークラブ,34.35619095,135.3471212
,,大阪ゴルフクラブ,34.327579,135.1548781
,,関西空港ゴルフ倶楽部,34.40175874,135.4686118
,大阪（茨木・池田・枚方・高槻）,茨木国際ゴルフ倶楽部,34.8516686,135.5345102
,,新大阪ゴルフクラブ,34.8913416,135.6458022
,,枚方国際ゴルフ倶楽部,34.80565518,135.716406
,,くずはゴルフリンクス,34.86320471,135.6757657
,,京阪ゴルフ倶楽部,34.7884397,135.6063409
,,高槻ゴルフ倶楽部,34.8150994,135.6251915
,,茨木高原カンツリー倶楽部,34.8917024,135.5025429
,,PGM池田カントリークラブ,34.84482425,135.4491054
,兵庫（六甲・宝塚・三田・西宮・神戸・淡路）,大神戸ゴルフ倶楽部,34.7139596,135.0601239
,,宝塚けやきヒルカントリークラブ,34.84794442,135.3799201
,,六甲国際パブリックコース,34.75774488,135.1027825
,,有馬ロイヤルゴルフクラブ,34.83204288,135.1291792
,,有馬カンツリー倶楽部,34.9041421,135.1735078
,,三田レークサイドカントリークラブ,34.9473181,135.1114357
,,神戸パインウッズゴルフクラブ,34.8782227,135.1656865
,,よみうりゴルフウエストコース,34.845744,135.2824773
,,愛宕原ゴルフ倶楽部,34.8386037,135.3915247
,兵庫（豊岡・朝来・丹波・篠山）,山東カントリークラブ,35.214431,140.0823701
,,篠山ゴルフ倶楽部,35.12186641,135.3756559
,,オータニにしきカントリークラブ,35.17238435,135.2631859
,,湯村カンツリークラブ,35.50485821,134.5112258
,,城崎カンツリークラブ,35.6578972,134.8086902
,,鳳鳴カントリークラブ,35.09484268,135.3831937
,,ベル・グリーンカントリークラブ,35.09131921,135.3542129
,,大岡ゴルフ倶楽部,35.5116392,134.713969
,,神鍋高原カントリークラブ,35.5141714,134.6756529
,,オータニ広尾カントリークラブ,35.0941082,135.3929456
,佐用・相生・赤穂・市川・姫路,赤穂カンツリークラブ,34.84554162,134.3256411
,,相生カントリー倶楽部,34.82592712,134.4904351
,,姫路シーサイドゴルフコース,34.7671785,134.7570149
,,佐用スターリゾートゴルフ倶楽部,35.0140681,134.4009495
,,龍野クラシックゴルフ倶楽部,34.88025575,134.5886306
,,JOYXゴルフ倶楽部 上月コース,34.9575836,134.2969781
,,G-styleカントリー倶楽部,34.99804367,134.3343333
,,ストークヒルゴルフクラブ,34.9346747,134.4360781
,,三日月カントリークラブ,35.0015413,134.4455297
,兵庫（三木・吉川・東条・小野・加古川・加西）,東条ゴルフ倶楽部,34.88291758,135.0506278
,,ライオンズカントリー倶楽部,34.92608365,135.1428624
,,東条の森カントリークラブ大蔵コース,34.8666214,135.0450826
,,東条パインバレーゴルフクラブ,34.89975173,135.0377739
,,パインレークゴルフクラブ,34.99113527,135.0298618
,,アークよかわゴルフ倶楽部,34.87066098,135.1178893
,,小野グランドカントリークラブ,34.8653416,135.0225311
,,東条の森カントリークラブ東条コース・大蔵コース,34.86590153,135.0437388
,,福崎東洋ゴルフ倶楽部,34.9606416,134.7298525
,,三木よかわカントリークラブ,34.84829856,135.0862427
,奈良（宇陀・吉野・五條）,阿騎野ゴルフ倶楽部,34.4539316,135.9419174
,,グランデージゴルフ倶楽部,34.4083373,135.9200996
,,奈良カントリークラブ,34.3711788,135.7030859
,,宇陀カントリークラブ,34.4902651,135.9463658
,,奈良ロイヤルゴルフクラブ,34.4159138,135.7681485
,,花吉野カンツリー倶楽部,34.3990042,135.763423
,,シプレカントリークラブ,34.3585369,135.6725658
,,プレディアゴルフ,34.32174,135.6872918
,,ムロウ３６ゴルフクラブ室生コース,34.5930802,136.0179552
,奈良（奈良市・天理・山辺）,大和高原カントリークラブ,34.7214849,135.9713596
,,奈良の杜ゴルフクラブ,34.701025,135.913495
,,ＫＯＭＡカントリークラブ,34.734364,136.0495988
,,ヤマトカントリークラブ,34.63008731,135.906859
,,新奈良ゴルフ倶楽部,34.69635031,135.8948429
,,木津川カントリー倶楽部,34.7392062,135.9325691
,,天理ゴルフ倶楽部,34.58955556,135.9139073
,,奈良若草カントリー倶楽部,34.6481398,135.9750591
,,奈良万葉カンツリー倶楽部,34.64910722,135.8563203
,和歌山（日高・牟婁・那智）,紀南カントリークラブ,33.85215819,135.2105556
,,ラ・グレースゴルフ倶楽部 和歌山コース,33.8600588,135.2768205
,,レオグラードゴルフクラブ,33.935974,135.2996244
,,いなみカントリークラブ　フジ,33.82996579,135.2335886
,,那智勝浦ゴルフ倶楽部,33.90272175,135.9408108
,,サンリゾートカントリークラブ,34.1483542,135.3389455
,,白浜ゴルフ倶楽部,33.6687336,135.3424562
,,南紀白浜ゴルフ倶楽部,33.69126547,135.4078782
,,国木原ゴルフ倶楽部,34.19114793,135.3433965
,和歌山（和歌山市・紀の川・有田）,有田東急ゴルフクラブ,34.11107172,135.2349782
,,橋本カントリークラブ,34.3400317,135.6274767
,,貴志川ゴルフ倶楽部,34.23440099,135.3052949
,,小倉カントリー倶楽部,34.2405454,135.2996654
,,船戸山ゴルフクラブ,34.24105593,135.3148992
,,和歌山カントリー倶楽部,34.2672159,135.136367
,,紀伊高原ゴルフクラブ,34.2448413,135.5271202
,,海南高原カントリークラブ,34.12137652,135.2524485
,,紀の国カントリー倶楽部,34.20087981,135.3467741
中国,鳥取,旭国際浜村温泉ゴルフ倶楽部,35.4965227,134.0930973
,,神田ゴルフクラブ,35.45563049,133.546876
,,グリーンパーク大山ゴルフ倶楽部,35.3627733,133.3971024
,,大山アークカントリークラブ,35.3297358,133.4245129
,,大山ゴルフクラブ,35.3797873,133.4960446
,,大山平原ゴルフクラブ,35.39570009,133.4717444
,,鳥取カントリー倶楽部吉岡温泉コース,35.46955888,134.097715
,,鳥取ゴルフ倶楽部,35.530156,134.2339353
,,米子ゴルフ場,35.4614092,133.3279286
,島根,出雲空港カントリー倶楽部,35.38491887,132.8644086
,,出雲ゴルフ倶楽部,35.3739757,132.7784723
,,いづも大社カントリークラブ,35.29725059,132.6586602
,,金城カントリークラブ,34.87927747,132.2118846
,,島根ゴルフ倶楽部　宍道湖コース,35.46283863,132.8937798
,,玉造温泉カントリークラブ,35.40176232,132.9492402
,,浜田ゴルフリンクス,34.93881675,132.1378741
,岡山,赤坂カントリークラブ,34.8425404,133.9988693
,,赤坂レイクサイドカントリークラブ,34.81132022,134.0309132
,,井原ゴルフ倶楽部,34.62244132,133.5169112
,,岡山霞橋ゴルフ倶楽部,34.55640936,133.7041371
,,岡山カントリークラブ　桃の郷コース,34.716737,133.8931843
,,岡山北ゴルフ倶楽部,34.7546915,133.9176843
,,岡山金陵カントリークラブ,34.7792831,133.8566174
,,岡山空港ゴルフコース,34.7634738,133.8794236
,,岡山国際ゴルフ倶楽部,34.71277319,133.7720142
,,岡山ゴルフ倶楽部　帯江コース,34.60984508,133.8018149
,,岡山西ゴルフ倶楽部,34.56276582,133.5028343
,,岡山御津カントリークラブ,34.8224312,133.9833017
,,奥津ゴルフ倶楽部,35.211304,133.9377587
,,長船カントリークラブ,34.7041951,134.0862021
,,笠岡カントリー倶楽部,34.57861745,133.5554167
,,鬼ノ城ゴルフ倶楽部,34.725377,133.7870573
,,吉備カントリークラブ,34.6568676,133.6471251
,,吉備高原カントリークラブ,34.78517092,133.6843961
,,久米カントリークラブ,35.03894416,133.9212643
,,倉敷カントリー倶楽部,34.64407014,133.8001815
,,グレート岡山ゴルフ倶楽部,34.8455206,133.9170993
,,後楽ゴルフ倶楽部,34.79408689,133.810777
,,ザ・オークレットゴルフクラブ,34.9727399,134.0947958
,,作州武蔵カントリー倶楽部,35.0579178,134.2028359
,,山陽ゴルフ倶楽部,34.8683374,134.036003
,,ＪＦＥ瀬戸内海ゴルフ倶楽部,34.4773112,133.4687133
,,新岡山ゴルフクラブ,34.73185233,133.8500403
,,瀬戸大橋カントリークラブ,34.4768149,133.8913351
,,たけべの森ゴルフ倶楽部,34.8318281,133.8902716
,,玉野ゴルフ倶楽部,34.4993013,133.9231234
,広島,安芸カントリークラブ,34.4231687,132.8672378
,,太田川ゴルフ場,34.4430553,132.4874262
,,尾道うずしおカントリークラブ,34.46862165,133.2055465
,,尾道カントリークラブ　宇根山コース,34.55507317,133.078812
,,尾道ゴルフ倶楽部,34.52412877,133.0639694
,,カントリーパーク仙養,34.74210747,133.3112712
,,京覧カントリークラブ,34.41187908,133.0327563
,,久井カントリークラブ,34.50239898,133.0519015
,,グリーンバーズゴルフ倶楽部,34.51713593,132.9657515
,,呉カントリークラブ,35.6144614,139.3087429
,,芸南カントリークラブ,34.4069075,132.2806583
,,郷原カントリークラブ,35.171686,140.0530576
,,庄原カントリークラブ,34.82327202,133.0138422
,,新市クラシックゴルフクラブ,34.563172,133.28276
,,瀬戸内ゴルフリゾート,34.3074297,132.8639045
,,鷹の巣ゴルフクラブ,34.37011105,132.2039624
,,竹原カントリークラブ,34.38330632,132.9202545
,,広島吉和の森ゴルフ倶楽部,34.43999501,132.1019169
,,千代田ゴルフ倶楽部,34.69616147,132.484551
,,戸山カンツリークラブ,34.49290544,132.3555432
,,白竜湖カントリークラブ,34.49229329,132.9148412
,,東広島カントリークラブ,34.48131369,132.660672
,,広島安佐ゴルフクラブ,34.48878625,132.4648247
,,広島紅葉カントリークラブ,34.32222918,132.1851074
,,広島国際ゴルフ倶楽部,34.3227938,132.7058268
,,広島ゴルフ倶楽部　鈴が峰コース,34.38409108,132.3747003
,,広島佐伯カントリー倶楽部,34.35337079,132.206955
,,広島西カントリー倶楽部,34.3162506,132.1743151
,,福山カントリークラブ,36.587579,137.240685
,山口,アイランドゴルフガーデン宇部,34.12587028,131.3311565
,,厚狭ゴルフ倶楽部,34.0346493,131.1236156
,,岩国センチュリーゴルフクラブ,34.06641802,132.1785659
,,宇部７２カントリークラブ　江畑池コース,34.0281042,131.3119859
,,宇部７２カントリークラブ　阿知須コース,34.0247698,131.3274747
,,宇部７２カントリークラブ　万年池西コース,34.0131004,131.3021491
,,宇部７２カントリークラブ　万年池東コース,34.0128775,131.3162143
,,山陽グリーンゴルフコース,34.0364609,131.1324997
,,山陽国際ゴルフクラブ,34.0543289,131.108325
,,下関ゴールデンゴルフクラブ,34.11149378,131.0926928
,,周南カントリー倶楽部,34.04444634,131.9659863
,,セントラルパークゴルフ倶楽部,34.14890028,131.1087374
,,朝陽カントリークラブ,34.043421,131.1823308
,,徳山国際カントリー倶楽部,34.1125797,131.7609853
,,中須ゴルフ倶楽部,34.0986934,131.9139288
,,萩・石見カントリー倶楽部,34.64299173,131.6685322
,,ブルーラインカントリー倶楽部,34.38090461,131.1261529
,,プレジデントカントリー倶楽部山陽,34.07110792,131.1396574
,,美和ゴルフクラブ,34.2140757,132.0755652
,,毛利庭園ゴルフ倶楽部,34.06423453,131.5883878
,,柳井カントリー倶楽部,34.01214571,132.1397484
,,山口レインボーヒルズ 関門菊川ゴルフクラブ,34.11679001,131.0715088
,,豊田湖ゴルフクラブ,34.25424627,131.1277156
,,泉水原ゴルフクラブ,34.17994647,131.5834217
,,湯田カントリー倶楽部,34.17477922,131.4421317
,,ユニマット山口ゴルフ倶楽部,34.11377212,131.9447361
,,レークスワンカントリー倶楽部,34.18591757,131.1053604
,,和木ゴルフ倶楽部,34.18907362,132.2226321
四国,徳島,阿南カントリークラブ,33.8804121,134.6386733
,,グランディ鳴門ゴルフクラブ３６,34.196312,134.4671978
,,コート・ベール徳島ゴルフクラブ,33.95391224,134.6826362
,,御所カントリークラブ,34.13446487,134.3809798
,,サンピアゴルフクラブ,34.0304308,134.4537493
,,Ｊクラシックゴルフクラブ,34.11561724,134.3156123
,,四国カントリークラブ,34.03965342,134.1819111
,,タカガワ西徳島ゴルフ倶楽部,34.08872835,134.1933998
,,タカガワ東徳島ゴルフ倶楽部,34.0426853,134.4175568
,,徳島カントリー倶楽部　月の宮コース,34.05084695,134.4437064
,,徳島ゴルフ倶楽部,34.0917993,134.539192
,,鳴門カントリークラブ,34.234332,134.5774288
,,眉山カントリークラブ,34.0523217,134.5005763
,,レオマ高原ゴルフ倶楽部,33.98796574,133.7624944
,香川,鮎滝カントリークラブ,34.207031,134.0468751
,,アルファ津田カントリークラブ,34.28608765,134.2295878
,,エリエールゴルフクラブ,34.10141921,133.7544405
,,琴平カントリー倶楽部,34.13613979,133.7367648
,,坂出カントリークラブ,34.2913929,133.9068403
,,チェリーゴルフ讃岐コース,34.3216905,134.2519315
,,サンライズヒルズカントリークラブ,34.1566757,133.9495804
,,志度カントリークラブ,34.34108427,134.2499145
,,小豆島シーサイドゴルフクラブ,34.52607557,134.3475588
,,タカガワ新琴南ゴルフ倶楽部,34.1544051,133.9261763
,,高松カントリー倶楽部,34.2956055,133.8931444
,,高松グランドカントリークラブ,34.2305296,134.1327528
,,高松ゴールドカントリー倶楽部,34.1902054,133.9879074
,,満濃ヒルズカントリークラブ,34.1817949,133.9164797
,,屋島カントリークラブ,34.31749086,134.1302737
,,ロイヤル高松カントリークラブ,34.2173284,133.9957857
,愛媛,今治カントリー倶楽部,33.9669369,133.0299114
,,伊予カントリークラブ,33.7279491,132.7000329
,,宇和島カントリー倶楽部,33.3051712,132.58058
,,エリエールゴルフクラブ松山,33.92191603,132.8146244
,,大洲ゴルフ倶楽部,33.47694977,132.5449335
,,奥道後ゴルフクラブ,33.95856673,132.7979174
,,久万カントリークラブ,33.68756349,132.886895
,,西条ゴルフ倶楽部,33.88956494,133.1860546
,,タカガワ新伊予ゴルフ倶楽部,33.97108628,133.4002084
,,高原ゴルフ倶楽部,33.66942607,132.9444074
,,滝の宮カントリークラブ,33.9386419,133.2627661
,,チサンカントリークラブ北条,33.99390727,132.828568
,,道後ゴルフ倶楽部,33.87567308,132.7864912
,,新居浜カントリー倶楽部,33.9347403,133.3536349
,,北条カントリー倶楽部,33.96661601,132.8245199
,,松山国際ゴルフ倶楽部,33.76119884,132.8622494
,,松山ゴルフ倶楽部,33.80379891,132.9298579
,,松山ロイヤルゴルフ倶楽部,33.69278468,132.7689006
,高知,高知ゴルフ倶楽部,33.6019927,133.5624116
,,グリーンフィールゴルフ倶楽部,33.5417451,133.3295802
,,四万十カントリークラブ,32.9468316,132.9668642
,,スカイヒルゴルフクラブ,33.20803619,133.1734846
,,スカイベイゴルフクラブ,33.41305711,133.3944103
,,土佐カントリークラブ,33.5273632,133.7768957
,,土佐山田ゴルフ倶楽部,33.6244327,133.6906528
,,土佐ユートピアカントリークラブ,33.0481746,133.0359012
,,錦山カントリークラブ,33.5461524,133.3663297
,,パシフィックゴルフクラブ,33.625779,133.6516896
九州・沖縄,福岡（博多・糸島・朝倉）,ザ・クイーンズヒルゴルフクラブ,33.5343753,130.205065
,,福岡センチュリーゴルフ倶楽部,33.42497165,130.7009186
,,夜須高原カントリークラブ,33.50440467,130.622993
,,二丈カントリークラブ,33.4969876,130.0647739
,,セントラル福岡ゴルフ倶楽部,33.50500102,130.6097857
,,皐月ゴルフ倶楽部　天拝コース,33.4671711,130.4974261
,,久山カントリー倶楽部,33.6509286,130.4949353
,,大博多カントリー倶楽部,33.4535871,130.4548281
,,太宰府ゴルフ倶楽部,33.51324809,130.5412399
,,ベスト電器スタジアム,33.5861423,130.4607799
,福岡（飯塚・宗像・北九州・田川）,麻生飯塚ゴルフ倶楽部,33.5951631,130.6989923
,,志摩シーサイドカンツリークラブ,33.62587449,130.1752824
,,西日本カントリークラブ,33.70897753,130.7465498
,,鷹羽ロイヤルカントリークラブ,33.60503486,130.8467084
,,瀬板の森北九州ゴルフコース,33.8563626,130.7358428
,,皐月ゴルフ倶楽部　竜王コース,33.619953,130.5987625
,,九州ゴルフ倶楽部　八幡コース,33.84217509,130.8390013
,,ザ・クラシックゴルフ倶楽部,33.7689583,130.6446223
,,福岡国際カントリークラブ,33.76425241,30.58552609
,佐賀,サイカンウィナーズゴルフクラブ,33.28723894,130.0808482
,,ウェルカムゴルフクラブ,33.3606005,130.48072
,,唐津ゴルフ倶楽部,33.42113268,129.9349068
,,佐賀カントリー倶楽部,33.3384523,130.4709297
,,佐賀クラシックゴルフ倶楽部,33.25032433,130.0624733
,,佐賀ロイヤルゴルフクラブ,33.34446608,130.0025153
,,山水カントリークラブ,33.38949509,130.425802
,,武雄・嬉野カントリークラブ,33.12419758,129.9865976
,,さがの森ゴルフ倶楽部,33.22171038,130.0766353
,,豆津ゴルフ場,33.31067901,130.4834402
,,ナインストーンゴルフクラブ ,33.30599465,130.1030878
,,天山カントリークラブ,39.7176395,140.2436033
,,花祭ゴルフ倶楽部,33.23840506,130.1503315
,,日の隈カンツリークラブ,33.3336599,130.3453935
,,福岡セヴンヒルズゴルフ倶楽部,33.46874304,130.0758692
,,フジカントリークラブ,33.35653808,130.2420294
,,フジカントリークラブ　南コース,33.34914197,130.2391039
,,ブリヂストンカンツリー倶楽部,33.36069623,130.485244
,,北山カントリー倶楽部,33.43257568,130.2694245
,,みやきリンクス愛しとーとゴルフクラブ,33.30203202,130.4518752
,,大和不動カントリー倶楽部,33.3264211,130.249225
,,若木ゴルフ倶楽部,33.2501213,129.9771999
,長崎,愛野カントリー倶楽部,32.8027757,130.1818192
,,壱岐カントリー倶楽部,33.8231488,129.7006528
,,雲仙ゴルフ場,32.7447805,130.2737524
,,オーシャンパレスゴルフクラブ,32.88497442,129.8007904
,,大村湾カントリー倶楽部　オールドコース,32.98478314,129.9890613
,,大村湾カントリー倶楽部　ニューコース,32.98561974,129.9851759
,,喜々津カントリー倶楽部,32.81992,129.9721476
,,五島カントリークラブ,32.66514859,128.8571537
,,佐世保カントリー倶楽部,33.22711885,129.7321517
,,佐世保国際カントリー倶楽部,33.15799158,129.8226355
,,佐世保ハイウェイゴルフコース,33.1670057,129.8296423
,,佐世保・平戸カントリークラブ,33.30257489,129.6787138
,,島原カントリー倶楽部,32.73353453,130.3256334
,,チサンカントリークラブ森山,32.8077472,130.1200988
,,つくもゴルフコース,33.22605759,129.7255842
,,長崎カンツリー倶楽部,32.75528961,129.8206823
,,長崎国際ゴルフ倶楽部,32.80949471,130.0447557
,,長崎パークカントリークラブ,32.97811785,129.776283
,,野母崎ゴルフクラブ,32.60554106,129.8041034
,,ハウステンボスカントリークラブ,33.02557365,129.7256265
,,パサージュ琴海アイランドゴルフクラブ,32.90027787,129.8026506
,,ペニンシュラオーナーズゴルフクラブ,32.93163285,29.80840206
,熊本,阿蘇大津ゴルフクラブ,32.8810756,130.9313166
,,阿蘇グリーンヒルカントリークラブ,32.8567473,130.942332
,,阿蘇スカイブルーゴルフリゾート,32.85940507,131.1750653
,,阿蘇やまなみリゾートホテル＆ゴルフ倶楽部,32.97710255,131.1975794
,,阿蘇リゾートグランヴィリオホテルゴルフ場,32.9189261,131.0029088
,,赤水ゴルフリゾート 阿蘇コース,32.91092172,131.0054495
,,あつまるレークカントリークラブ,32.67021613,130.6934269
,,KAOゴルフ倶楽部,32.94463798,130.6632729
,,鹿北ゴルフ倶楽部,33.13022841,130.7050587
,,菊池カントリークラブ,33.03994031,130.8835272
,,菊池高原カントリークラブ,33.02149336,130.9299443
,,九州ゴルフ倶楽部　小岱山コース,32.9634601,130.508027
,,球磨カントリー倶楽部,32.2390423,130.8463892
,,熊本ゴルフ倶樂部　阿蘇湯の谷コース,32.89171775,131.026595
,,熊本空港カントリークラブ,32.83917285,130.838693
,,熊本クラウンゴルフ倶楽部,32.2624205,130.871128
,,熊本ゴルフ倶樂部　城南コース,32.66713041,130.7378554
,,くまもと中央カントリークラブ,32.90852867,130.8292579
,,熊本益城カントリー倶楽部,32.7422459,130.8182364
,,熊本南カントリークラブ,32.67291385,130.7866638
,,グランドチャンピオンゴルフクラブ,32.7975122,130.8900851
,,グリーンランドリゾートゴルフコース,32.99198072,130.4624597
,,コスギリゾート阿蘇ハイランドゴルフコース,32.9286992,131.0372464
,,ザ・マスターズ天草コース,32.5028875,130.3164839
,,不知火カントリークラブ,32.649379,130.6194416
,,高遊原カントリークラブ,32.82236257,130.8380613
,,玉名カントリークラブ,32.95647567,130.5722816
,,チェリーゴルフ宇土コース,32.68082965,130.7081035
,,チェリーゴルフクラブ天草コース,32.55733056,130.4234541
,,チェリーゴルフ人吉コース,32.21457076,130.7817032
,大分,天瀬温泉カントリークラブ,33.24434627,131.0165069
,,臼杵カントリークラブ,33.1069109,131.7214859
,,大分カントリークラブ　吉野コース,33.1203434,131.6732368
,,大分カントリークラブ　月形コース,33.106342,131.7081944
,,大分サニーヒルゴルフ倶楽部,33.20436744,131.4916558
,,大分竹中カントリークラブ,33.13541744,131.6422686
,,大分中央ゴルフクラブ,33.1769577,131.5239573
,,大分ななせゴルフ倶楽部,33.11717832,131.4595408
,,大分パブリックゴルフ場,33.19664309,131.6268666
,,大分富士見カントリー倶楽部,33.18289477,131.53564
,,城島高原ゴルフクラブ,33.2640141,131.4234356
,,久住高原ゴルフ倶楽部,33.02946465,131.2453146
,,白木ゴルフ倶楽部,33.2448876,131.5611634
,,トライアルゴルフ&リゾート OITA COURSE,33.1794433,131.7126361
,,直川カントリー倶楽部,32.89677573,131.7862101
,,中津カントリークラブ,33.54802478,131.2569237
,,パシフィックブルーカントリークラブ,33.63009344,131.6799232
,,別府扇山ゴルフ倶楽部,33.3059138,131.4546323
,,別府ゴルフ倶楽部,33.37468049,131.4404445
,,別府の森ゴルフ倶楽部,33.23417903,131.465103
,,三重カントリークラブ,33.01059269,131.625186
,,湯布高原ゴルフクラブ,33.2720377,131.3215151
,,ローレル日田カントリークラブ,33.34725822,130.9628109
,宮崎,愛和宮崎ゴルフクラブ,32.01432547,131.4058932
,,青島ゴルフ倶楽部,31.7946898,131.4602097
,,宮崎大淀川ゴルフ場,31.95261818,131.3964469
,,チェリーゴルフ北方コース,32.54376001,131.5417056
,,日南北郷カントリークラブ,31.70395898,131.3641953
,,トム・ワトソンゴルフコース,31.95215771,131.4674811
,,日南串間ゴルフコース,31.43965454,131.2495451
,,チェリーゴルフ延岡ゴルフクラブ,32.64027377,131.7524318
,,ハイビスカスゴルフクラブ,32.02822551,131.4618057
,,一ツ瀬川県民ゴルフ場,32.0547334,131.452418
,,フェニックスカントリークラブ,31.974478,131.472769
,,美々津カントリークラブ,32.31942085,131.5663459
,,都城母智丘カントリークラブ,31.75295695,131.0003492
,,宮崎大淀カントリークラブ,31.92210691,131.3501595
,,宮崎カントリークラブ,31.86379664,131.4461627
,,宮崎国際空港カントリークラブ,31.83011995,131.2619671
,,宮崎国際ゴルフ倶楽部,32.038343,131.4488478
,,宮崎小林カントリークラブ,31.97046177,130.9229806
,,宮崎ゴルフ倶楽部,32.00790394,131.3633188
,,宮崎座論梅ゴルフクラブ,32.1204112,131.4530604
,,宮崎サンシャインカントリークラブ,32.02964374,131.4395056
,,宮崎パブリックゴルフ,31.8488953,131.4491865
,,宮崎レイクサイドゴルフ倶楽部,31.8333436,131.381641
,,UMKカントリークラブ,31.98218805,131.4317601
,,リージェント宮崎カントリークラブ,31.7964859,130.988634
,,レインボースポーツランドゴルフクラブ,31.82189782,131.1330762
,鹿児島,奄美カントリークラブ,28.4192071,129.5327215
,,出水ゴルフクラブ,32.0829124,130.3273562
,,いぶすきゴルフクラブ,31.1835681,130.5500966
,,入来城山ゴルフ倶楽部,31.74463892,130.4427012
,,大隅カントリークラブ,37.5406302,140.3201925
,,鹿児島ガーデンゴルフ倶楽部,31.56459506,130.4374817
,,かごしま空港36カントリークラブ,31.88353272,130.7062582
,,鹿児島国際ゴルフ倶楽部,31.77543705,130.6719149
,,鹿児島高牧カントリークラブ,31.7609637,130.5399296
,,蒲生カントリークラブ,31.7952231,130.5619733
,,喜入カントリークラブ,31.3582429,130.5017163
,,霧島ゴルフクラブ,31.8679221,130.8029357
,,グリーンヒルカントリークラブ,31.7936624,130.418955
,,祁答院ゴルフ倶楽部,31.86048986,130.4995931
,,ゴールデンパームカントリークラブ,31.7101809,130.5540647
,,コスモリゾート種子島ゴルフクラブ,30.57572759,131.0159846
,,さつまゴルフリゾート,31.97449203,130.5384515
,,鹿児島鹿屋カントリークラブ,31.51372277,130.8706585
,,島津ゴルフ倶楽部,31.6895756,130.5943838
,,高千穂カントリー倶楽部,31.84105501,130.8693665
,,チェリーゴルフ鹿児島シーサイドコース,31.6352544,130.3385844
,,知覧カントリークラブ,31.3953628,130.5051137
,,南国カンツリークラブ,31.6396309,130.5912304
,,溝辺カントリークラブ,31.83976324,130.6755598
,,南九州カントリークラブ,31.6368226,130.4181802
,,湯の浦カントリー倶楽部,31.49365386,130.3574867
,沖縄,エナジック瀬嵩カントリークラブ,26.5592303,128.0568628
,,エメラルドコーストゴルフリンクス,24.7259898,125.2834218
,,オーシャンキャッスルカントリークラブ,26.275805,127.7921933
,,オーシャンリンクス宮古島,24.7410289,125.4440411
,,沖縄カントリークラブ,26.2138138,127.7495219
,,カヌチャゴルフコース,26.5501963,128.0864647
,,かねひで喜瀬カントリークラブ,26.52439644,127.9393349
,,宜野座カントリークラブ,26.50184669,127.9920267
,,小浜島カントリークラブ,24.3330942,123.9969427
,,ザ・サザンリンクス・ゴルフクラブ,26.1079876,127.7360423
,,サシバリンクス伊良部,24.82135888,125.16558
,,ジ・アッタテラスゴルフリゾート,26.49996349,127.8961099
,,シギラベイカントリークラブ,24.7231257,125.3492333
,,守礼カントリークラブ,26.1788245,127.8135944
,,美らオーチャードゴルフ倶楽部,26.5062065,127.8962879
,,西原グリーンセンター,26.2361934,127.7683693
,,パームヒルズゴルフリゾートクラブ,26.1221011,127.7078846
,,芭蕉布コース,26.15116862,127.7739982
,,PGMゴルフリゾート沖縄,26.45520316,127.8201998
,,ベルビーチゴルフクラブ,26.643289,127.8893037
,,マエサトＧパーク,24.33563738,124.1846476
,,松が原ゴルフクラブ,24.77907371,125.2825024
,,琉球ゴルフ倶楽部,26.1493353,127.7838763
